id,title,artist,active,comment,tabs,lyrics,chords,capo,bypassRequestLimits,minAmount,attributes
3916421,Улыбайся,4G,true,,,,,,false,0,"Под минус,Под гитару"
4925057,Солдат,5'nizza,true,,,,,,false,0,
4762454,Ласковый зверь,9 Грамм,true,,,,,,false,0,
4124983,"Пьяное солнце ",Alekseev,false,,,,,,false,0,
4258018,Океанами стали,ALEKSEEV,false,,,,,,false,0,
4763608,До скорых встреч," Almary ",false,,,,,,false,0,
3889055,Три полоски,"Animal Jazz ",true,,,джинсы порезаны...,,,false,0,"СОВМЕСТНЫЙ СТРИМ,Под гитару"
4003249,Не молчи,Anivar,false,,,,,,false,0,
4241567,ЦАРИЦА,Anna Asti,true,,,,,,false,0,"Под минус,Позитив"
3780009,Cups,Anna Kendrick,true,,,,,,false,0,Позитив
5053788,Грустный дэнс,Artik & Asti feat. Артём Качер,true,,,,,,false,0,
3917049,Улетаю,A'Studio,true,,,,,,false,0,Под минус
3625198,Lovely,Billie Eilish,false,,,,,,false,0,
4581589,По волнам,Burito,true,,,,,,false,0,
4294335,(-3) Dont Panic (НА РУССКОМ),Coldplay,true,,,,,,false,0,
4324075,До утра," Dan Balan",true,,,,,,false,0,
3889040,Люби,Dan Balan,true,,,,,,false,0,
4880861,Чувствую,Dasha Mist,true,Заказал Кордарт,,,,,false,0,
4115794,Мальчик на девятке,DEAD BLONDE,true,,,,,,false,0,Позитив
4581601,Arcade (НА РУССКОМ),Duncan Laurence,true,,,,,,false,0,
4345761,Можно я с тобой?,DVN,true,,,,,,false,0,
4027442,Когда ты улыбаешься,Dневник Dжессики,true,,,,,,false,0,Под гитару
4316055,Вите надо выйти,ESTRADARADA,true,,,,,,false,0,Позитив
3612002,Bring Me to Life(русский),Evanescence,false,,,,,,false,0,"СОВМЕСТНЫЙ СТРИМ,Рок, метал"
4314318,Хлопья летят наверх,FEDUK,true,,,,,,false,0,
4307094," Хлопья летят наверх",FEDUK,false,,,,,,false,0,
3237723,(5) Тёплые коты,Flëur,true,,,,,,false,0,"СОВМЕСТНЫЙ СТРИМ,Позитив,Под гитару"
3237726,Будь моим смыслом,Flëur,true,,,,,,false,0,Под гитару
3790549,Колыбельная для Солнца,Flëur,true,,,,,,false,0,Под гитару
3237724,Формалин,Flëur,true,,,,,,false,0,"СОВМЕСТНЫЙ СТРИМ,Под минус"
3237725,Шелкопряд,Flëur,true,,,,,,false,0,"СОВМЕСТНЫЙ СТРИМ,Под гитару"
4888511,"Неверная жена, а он неверный муж"," Flëur",true,Тихон Шигаев,,,,,false,0,
3935545,На краю," Flëur ",true,,,,,,false,0,Под гитару
3917791,Последний танец зимы,Flёur,true,,,,,,false,0,"Под минус,Зимние песни (Новогодние)"
4008869,Рыцарь и королева,Fun Mode,true,,,,,,false,0,"Рок, метал,Под минус,Под гитару"
4294149,Стены Цитадели,Fun Mode,false,,,,,,false,0,
4979631,Стены цитадели acoustic,"Fun Mode ",true,,,,,,false,0,
4735539,"Малиновая лада ",GAYAZOV$ BROTHER$,true,,,,,,false,0,
3764313,Летит," Green apelsin",true,,,,,,false,0,Под гитару
3237757,Охота на лисицу,Green apelsin,true,,,,,,false,0,"СОВМЕСТНЫЙ СТРИМ,Под минус,Под гитару"
3237758,Проклятье русалки,Green apelsin,true,,,,,,false,0,"СОВМЕСТНЫЙ СТРИМ,Под гитару"
3237756,Труп невесты,Green apelsin,true,,,,,,false,0,"СОВМЕСТНЫЙ СТРИМ,Под гитару"
3849107,(0) Игрушка,Green Apelsin,true,,,,,,false,0,Под гитару
4060308,(4) Северный ветер,Green Apelsin,true,,,,,,false,0,Под гитару
3715373,(6) Станцую на твоей могиле,Green Apelsin,true,,,,,,false,0,"Под гитару,Под минус"
3796469,Если,Green Apelsin,true,,,,,,false,0,Под гитару
4327404,Зверь,Green Apelsin,false,,,,,,false,0,
5436851,Колыбельная,Green Apelsin,true,,,,,,false,0,
3666395,Мёртвые розы,Green Apelsin,true,,,,,,false,0,Под гитару
3790532,Тихий уголок,Green Apelsin,true,,,,,,false,0,Под гитару
3770122,Чревоугодие,"Green Apelsin ",true,,,,,,false,0,"СОВМЕСТНЫЙ СТРИМ,Под гитару"
5459593,Я иду искать,"Green Apelsin, Luverance",true,,,,,,false,0,"Рок, метал"
3237759,Прятки,HammAli & Navai,true,,,,,,false,0,СОВМЕСТНЫЙ СТРИМ
3898113,Седьмой лепесток,Hi Fi,true,,,,,,false,0,"СОВМЕСТНЫЙ СТРИМ,Под минус,Под гитару"
4259410,Radioactive (НА РУССКОМ),Imagine Dragons,true,,,,,,false,0,"Рок, метал"
4581592,Who is she (НА РУССКОМ),"I Monster ",false,,,,,,false,0,
4027450,140,IOWA,true,,,,,,false,0,"Под минус,Позитив"
3237744,Бьёт бит,IOWA,true,,,,,,false,0,"Под минус,Позитив"
3799565,Мама,IOWA,true,,,,,,false,0,
3237748,Маршрутка,IOWA,true,,,,,,false,0,"СОВМЕСТНЫЙ СТРИМ,Позитив"
4059986,Маяки,IOWA,false,,,,,,false,0,
3237745,Одно и тоже,IOWA,true,,,,,,false,0,СОВМЕСТНЫЙ СТРИМ
3237747,Улыбайся,IOWA,true,,,,,,false,0,"СОВМЕСТНЫЙ СТРИМ,Позитив"
3563295,Эта песня простая,IOWA,true,,,,,,false,0,Позитив
4294187,Арабская ночь,Jackie-O,true,,,,,,false,0,
5530561,Лейла,"Jah Khalib ",true,,,,,,false,0,
3475854,Комета,Jony,true,,,,,,false,0,
3237769,Плакала,Kazka,false,,,,,,false,0,
4061542,Девушка из сна," kosmos lada ",true,,,,,,false,0,"Под гитару,Авторские"
3876315,Королевский долг,kosmos lada,true,,,,,,false,0,"Под гитару,Авторские"
3840285,Я преклоняюсь,"kosmos lada ",false,,,,,,false,0,Авторские
3237827,Тебе не будет больно,Kristina S,true,,,,,,false,0,СОВМЕСТНЫЙ СТРИМ
4928072,Bloody Mary (НА РУССКОМ),Lady Gaga,true,,,,,,false,0,
4624243,Моя душа,LILY45,true,,,,,,false,0,
4294215,Всё равно,Lina Lee,false,,,,,,false,0,
4832374,What I've Done,Linkin Park,false,,,,,,false,0,
3917041,К чёрту любовь,LOBODA,true,,,,,,false,0,СОВМЕСТНЫЙ СТРИМ
4098061,Твои глаза,LOBODA,true,,,,,,false,0,"СОВМЕСТНЫЙ СТРИМ,Под минус"
4153912,What A Wonderful World,Louis Armstrong,true,,,,,,false,0,Позитив
4978286,Колыбельная,"LOUNA ",true,заказал Vladyka Snov,,,,,false,0,"Рок, метал,Под минус"
4044539,Гореть,Lumen,true,,,,,,false,0,"СОВМЕСТНЫЙ СТРИМ,Под гитару"
4213108,Море,Luverance,true,,,,,,false,0,Под гитару
4694781,Медуза,"Matrang ",true,,,,,,false,0,
5530563,Смотри душой,MILKOVSKYI,true,,,,,,false,0,
4083608,Стаи белых лебедей,Mr. Credo,true,,,,,,false,0,
4351597,Зеркало,NAT,true,,,,,,false,0,
4153914,Sleeping Sun,Nightwish,true,,,,,,false,0,"Рок, метал,Под минус"
4250956,Wishmaster (НА РУССКОМ),Nightwish,false,,,,,,false,0,
5104237,Канат II,Norma Tale,true,"@jackie_chan_1954_1 ",,,,,false,0,
3237787,Кажется,Open Kids,true,,,,,,false,0,
4105827,На десерт,Open Kids,true,,,,,,false,0,
5736193,Буцефал,PALC,true,,,,,,false,0,
3611965,(3) Сердце,passmurny,true,,,,,,false,0,Под гитару
3917148,Оружие,Pizza,true,,,,,,false,0,Под минус
4040977,Спящая красавица,polnalyubvi,true,,,,,,false,0,
3706678,(1) Моменты,Polnalyubvi,true,,,,,,false,0,"СОВМЕСТНЫЙ СТРИМ,Под гитару"
3892982,Успокой меня,Polnalyubvi,true,,,,,,false,0,"СОВМЕСТНЫЙ СТРИМ,Под гитару"
4015634,Чужой среди своих,Polnalyubvi,true,,,,,,false,0,
3765898,Кукла," Polnalyubvi",true,,,,,,false,0,Под гитару
4967827,Сердце,"Polnalyubvi ",true,,,,,,false,0,
3237737,Девочка и море,POLNALYUBVI,true,,,,,,false,0,Под минус
3237736,Кометы,POLNALYUBVI,true,,,,,,false,0,"Под гитару,Под минус"
3237735,Твои глаза,POLNALYUBVI,true,,,,,,false,0,СОВМЕСТНЫЙ СТРИМ
5090144,"Станция ""Любовь""",Polnalyubvi feat. Найк Борзов,false,,,,,,false,0,
4307044,Don't Stop Me Now (НА РУССКОМ),Queen,true,,,,,,false,0,"Рок, метал,Позитив"
3873250,Сияй,Ramil',false,,,,,,false,0,
4183877,Sonne (НА РУССКОМ),"Rammstein ",true,,,,,,false,0,"СОВМЕСТНЫЙ СТРИМ,Рок, метал"
4869521,(4) Дождь,R.A.SVET,true,,,,,,false,0,
3803221,Детство,Rauf & Faik,false,,,,,,false,0,
4501456,Колыбельная,Rauf & Faik,true,,,,,,false,0,
4115715,Скандалы,Rauf & Faik,false,,,,,,false,0,
4115717,Я люблю тебя,Rauf & Faik,true,,,,,,false,0,
3413538,(2) Не мешай,RSAC,true,,,,,,false,0,"Под гитару,Под минус"
4715132,Maybe I Maybe You (НА РУССКОМ),Scorpions,true,,,,,,false,0,
4925079,Мало тебя," SEREBRO / Серебро",true,,,,,,false,0,
3876305,Перепутала," SEREBRO / Серебро",true,,,,,,false,0,
3876304,Сломана,SEREBRO / Серебро,true,,,,,,false,0,Под минус
3770135,Comatose (НА РУССКОМ),"Skillet ",true,,,,,,false,0,"Рок, метал"
5033432,Бобр,SLAVA SKRIPKA,true,,,,,,false,0,
5223434,Гроза,Sova,true,,,,,,false,0,
3690596,Тебя нет,ssshhhiiittt,false,,,,,,false,0,
4027506,Сентябрь,Stigmata,true,,,,,,false,0,
4832366,Стрела,"STRANIZA, 6ARS",true,,,,,,false,0,
4324008,Lonely Day,System Of A Down,true,,,,,,false,0,"Рок, метал"
3799561,Zombie,The Cranberries,true,,,,,,false,0,"Рок, метал,Под минус"
3563233,"Призрак Оперы ",The Phantom Of The Opera,true,,,,,,false,0,Под минус
3631464,Песня Присциллы,The Witcher 3,true,,,,,,false,0,Под минус
4618534,(4) Река,Wenz & Pavluchenko,true,,,,,,false,0,
4318532,Стихнет мотор,Zoloto,true,,,,,,false,0,
4188307,ПЫЯЛА (на русском),АИГЕЛ,false,,,,,,false,0,! БАН
4516450,Лесной олень,Аида Ведищева,true,,,,,,false,0,
4098000,"Песенка о медведях ","Аида Ведищева (из к/ф ""Кавказская пленница"")",true,,,,,,false,0,"СОВМЕСТНЫЙ СТРИМ,Позитив"
4294136,Два крыла,Александра Трусова,true,,,,,,false,0,
3237764,А мы не ангелы парень,Алексей Пономарёв,true,,,,,,false,0,"СОВМЕСТНЫЙ СТРИМ,Рок, метал,Под гитару"
4869518,(5) Обидно,Алена Швец,true,,,,,,false,0,
4091157,Вечно 17,Алена Швец,true,,,,,,false,0,Под гитару
4258082,Первое свидание,Алена Швец,false,,,,,,false,0,Под гитару
4041263,"Спи ",Алена Швец,true,,,,,,false,0,СОВМЕСТНЫЙ СТРИМ
3237780,(2) Глаза с разводами бензина,Алёна Швец,true,,,,,,false,0,Под гитару
3917799,(4) Ведьм у нас сжигают,Алёна Швец,true,,,,,,false,0,Под гитару
4207672,Бьюти Дача,Алёна Швец,true,,,,,,false,0,
3237774,Вино и сигареты,Алёна Швец,true,,,,,,false,0,"СОВМЕСТНЫЙ СТРИМ,Под минус,Под гитару"
3237777,В кабинете у директора,Алёна Швец,true,,,,,,false,0,Под гитару
3237778,Вредина,Алёна Швец,true,,,,,,false,0,"Позитив,Под гитару"
3577045,Герда,Алёна Швец,true,,,,,,false,0,Под гитару
3799509,колыбельная,Алёна Швец,false,,,,,,false,0,
3237781,Мальчик из Питера,Алёна Швец,true,,,,,,false,0,Под гитару
4015765,Мелкая с гитарой,Алёна Швец,true,,,,,,false,0,Под гитару
4205944,Нелюбовь,Алёна Швец,true,,,,,,false,0,
4205942,Неудачница,Алёна Швец,true,,,,,,false,0,
4205943,Песня про вино,Алёна Швец,true,,,,,,false,0,
4205941,Портвейн,Алёна Швец,true,,,,,,false,0,
4045200,Расстрел,Алёна Швец,true,,,,,,false,0,"СОВМЕСТНЫЙ СТРИМ,Под гитару"
3237779,Ромочка,Алёна Швец,true,,,,,,false,0,Под гитару
3237775,Скейтер,Алёна Швец,true,,,,,,false,0,Под гитару
3237786,Фотография,Алёна Швец,true,,,,,,false,0,Под гитару
4207678,Да пофиг,"Алёна Швец ",true,,,,,,false,0,
4135508,Деды Морозы,Алина Гросу (Grosu),true,,,,,,false,0,Зимние песни (Новогодние)
4351554,Мне нравится что вы больны не мной,Алла Пугачева,true,,,,,,false,0,
4329899,Позови меня с собой,Алла Пугачёва,true,,,,,,false,0,
4404858,Опять метель,"Алла Пугачёва ",true,,,,,,false,0,
3917802,(3) На заре,Альянс,true,,,,,,false,0,Под гитару
3237791,Солнце,Ани Лорак,true,,,,,,false,0,СОВМЕСТНЫЙ СТРИМ
5520110,Я вернусь,Ани Лорак,true,,,,,,false,0,
4464467,Выхожу один я на дорогу,Анна Герман,true,,,,,,false,0,
4329994,Надежда,Анна Герман,true,,,,,,false,0,СОВМЕСТНЫЙ СТРИМ
4183805,Эхо любви,Анна Герман,true,,,,,,false,0,"СОВМЕСТНЫЙ СТРИМ,Под минус"
3631603,(1) Потерянный рай,Ария,true,,,,,,false,0,"Под минус,Рок, метал,Под гитару"
3764294,(5) Штиль,Ария,true,,,,,,false,0,"СОВМЕСТНЫЙ СТРИМ,Рок, метал,Под гитару"
4258073,Беспечный ангел,Ария,true,,,,,,false,0,"Под минус,Под гитару"
4121333,Воля и разум,Ария,true,,,,,,false,0,"Рок, метал"
4121335,"Встань, страх преодолей",Ария,true,,,,,,false,0,"Рок, метал"
3796478,Осколок льда,Ария,true,,,,,,false,0,"Рок, метал,Под минус,Под гитару"
5104184,Свет былой любви,"Ария ",true,Vladyka_Snov,,,,,false,0,
4889177,Ведьмина дочь,Артемизия,true,,,,,,false,0,
5113118,Зеленая Карета,А.Суханов,false,,,,,,false,0,
3935935,Валера,Афродита,false,,,,,,false,0,Под минус
3799568,Мой рок-н-рол,Би-2,true,,,,,,false,0,"Рок, метал,Под минус"
4314429,Катюша,Блантер М.И.,true,,,,,,false,0,
3904934,Восточные сказки,Блестящие,true,,,,,,false,0,Под гитару
4589404,Дуэт Короля и Принцессы,Бременские музыканты,true,,,,,,false,0,СОВМЕСТНЫЙ СТРИМ
4056351,Ничего на свете лучше нету,Бременские музыканты,true,,,,,,false,0,СОВМЕСТНЫЙ СТРИМ
4056375,Вахтерам,Бумбокс,true,,,,,,false,0,СОВМЕСТНЫЙ СТРИМ
4056365,Пепел,Бумбокс,true,,,,,,false,0,
3487441,А чё чё,Бьянка,true,,,,,,false,0,
4589392,"Хмуриться не надо, Лада!",Вадим Мулерман,true,,,,,,false,0,
3413520,Кабы не было зимы,Валентина Толкунова,true,,,,,,false,0,"СОВМЕСТНЫЙ СТРИМ,Зимние песни (Новогодние)"
4376092,Я не могу иначе,"Валентина Толкунова ",true,,,,,,false,0,
3263865,Гори,Валентин Стрыкало,true,,,,,,false,0,
3796739,Яхта парус,Валентин Стрыкало,true,,,,,,false,0,"СОВМЕСТНЫЙ СТРИМ,Под гитару"
4173894,Вера,Валерий Меладзе,true,,,,,,false,0,"СОВМЕСТНЫЙ СТРИМ,Под минус"
4975274,Красиво,Валерий Меладзе,true,,,,,,false,0,
5011985,Небеса,Валерий Меладзе,false,,,,,,false,0,
5011982,Океан и три реки,Валерий Меладзе,true,,,,,,false,0,
5210987,"Салют, Вера",Валерий Меладзе,true,,,,,,false,0,
3799571,Анастасия,Вальс из м/ф,true,,,,,,false,0,"СОВМЕСТНЫЙ СТРИМ,Под минус"
3577048,Опять домой,Валя Карнавал,false,,,,,,false,0,
5496047,Силуэт,Ваня Дмитриенко,false,,,,,,false,0,РАЗУЧИВАЮ
4378816,Всё забудется,Вельвет,true,,,,,,false,0,
4378012,Прости,Вельвет,true,,,,,,false,0,
3770125,Реальная жизнь,Вера Брежнева,true,,,,,,false,0,
4121370,Бриллианты,ВИА гра,true,,,,,,false,0,
4307047," Попытка номер 5",ВИА Гра,true,,,,,,false,0,
5655376,Куда уходит детство,ВИА «Сливки» (Пугачева),true,,,,,,false,0,
5288710,Дыши,Виктория Дайнеко,true,,,,,,false,0,
5640271,Тысячи дорог,Виктория Черенцова,true,,,,,,false,0,
5223435,Звездная река,Виктор Семенов,true,,,,,,false,0,
4464479,Апрель,Виктор Цой / Кино,true,,,,,,false,0,СОВМЕСТНЫЙ СТРИМ
3889119,Восьмиклассница,Виктор Цой / Кино,true,,,,,,false,0,"Рок, метал,СОВМЕСТНЫЙ СТРИМ,Под гитару"
4209065,Ева,Винтаж,true,,,,,,false,0,
3839935,Знак водолея,Винтаж,true,,,,,,false,0,Под минус
5071236,Огонек,Владимир Нечаев,true,,,,,,false,0,
3821287,Пристани моих снов,Владлена Губарева,true,,,,,,false,0,Под минус
5193090,Смуглянка," военные песни",true,,,,,,false,0,
5193085,Журавли," военные песни, Марк Бернес",true,,,,,,false,0,
5193087,"Жди меня ","военные песни, стихи Константина Симонова ",true,,,,,,false,0,
4589606,"Танцуй, Россия!",Глюк'oZa (Глюкоза),true,,,,,,false,0,
4294147,А снег идёт,Глюкоза,true,,,,,,false,0,Зимние песни (Новогодние)
3237767,Обернись,Город 312,true,,,,,,false,0,
3237768,Останусь,Город 312,true,,,,,,false,0,Под минус
4624245,Режиссер,Градусы,true,,,,,,false,0,
3917083,Здесь были,Гречка,true,,,,,,false,0,
4216975,"Люби меня люби ",Гречка,true,,,,,,false,0,Укулеле
4307046,Она не твоя,Григорий Лепс и Стас Пьеха,true,,,,,,false,0,СОВМЕСТНЫЙ СТРИМ
4003278,(6) Имя твоё,Группа - Колизей,true,,,,,,false,0,"СОВМЕСТНЫЙ СТРИМ,Под гитару"
3917131,Индиго,Дана Соколова,true,,,,,,false,0,СОВМЕСТНЫЙ СТРИМ
3917137,Разведи небо,Дана Соколова,true,,,,,,false,0,
3504496,(4) Ангел похоронитель,Дарья Виардо,true,,,,,,false,0,Под гитару
4250944,Облака белогривые лошадки,Детские песни,true,,,,,,false,0,Позитив
4250951,От улыбки станет всем светлей,Детские песни,true,,,,,,false,0,Позитив
4902167,(ДОУЧИТЬ) Папа может всё что угодно," Детские песни / Танич",false,,,,,,false,0,
4617065,Беги,Джоконда,true,,,,,,false,0,
5664214,Постарайся быть счастливым,Джоконда,true,,,,,,false,0,
4589389,Секунду назад,Диана Арбенина,true,,,,,,false,0,СОВМЕСТНЫЙ СТРИМ
4294157,Не молчи,Дима Билан,true,,,,,,false,0,
3237822,Втюрилась,Дора,false,,,,,,false,0,
3898392,Дора дура,Дора,true,,,,,,false,0,Под минус
3237820,Младшая сестра,Дора,false,,,,,,false,0,
3237821,Осень пьяная,Дора,false,,,,,,false,0,
3563266,Летний дождь,Дорогой дневник,false,,,,,,false,0,
3913764,Крылатые качели,Евгений Крылатов,true,,,,,,false,0,"СОВМЕСТНЫЙ СТРИМ,Под минус"
3237819,Прекрасное далёко,Евгений Крылатов,true,,,,,,false,0,Под минус
4241524,Новогодняя сказка,Евгений Траханов,false,,,,,,false,0,
4624248,Улетай на крыльях ветра,Евгения Сотникова,false,,,,,,false,0,
3475913,"Земля, Земля, я - Юпитер",Евгения Теджетова,true,,,,,,false,0,
4267523,Будильник,Егор Крид,true,,,,,,false,0,
4267525,Невеста,Егор Крид,true,,,,,,false,0,Позитив
4950600,Вернуться,Екатерина Яшникова,true,Заказчик: Kordart,,,,,false,0,
4938001,Маленький принц,Елена Камбурова,true,,,,,,false,0,
3237772,Движения,Елена Темникова,true,,,,,,false,0,
3237771,"Импульсы ",Елена Темникова,true,,,,,,false,0,
4990799,Летел голубь,Елена Фролова,true,,,,,,false,0,
4183815,Не брошу на пол пути,Елка,true,,,,,,false,0,Под гитару
4706327,Все зависит от нас самих,"Елка ",false,,,,,,false,0,Под минус
4167987,Грею счастье,Ёлка,false,,,,,,false,0,Под минус
3904315,Около тебя,Ёлка,true,,,,,,false,0,СОВМЕСТНЫЙ СТРИМ
4135514,Прованс,Ёлка,true,,,,,,false,0,
4950569,Колыбельная тишины,Женя Любич,true,Заказал: Кот Матроскин,,,,,false,0,
4624242,Поезда,Женя Трофимов,true,,,,,,false,0,СОВМЕСТНЫЙ СТРИМ
3475914,Батарейка,Жуки,true,,,,,,false,0,"СОВМЕСТНЫЙ СТРИМ,Под минус"
4164522,Районы-кварталы,Звери,true,,,,,,false,0,"СОВМЕСТНЫЙ СТРИМ,Под минус"
4389678,Тёплая зима,Земля легенд,true,,,,,,false,0,
4617058,Непрожитый миг,Земля Легенд,true,,,,,,false,0,
3322567,Трава у дома,Земляне,true,,,,,,false,0,"СОВМЕСТНЫЙ СТРИМ,Под минус"
3916408,Ариведерчи,Земфира,true,,,,,,false,0,"Рок, метал,Под гитару"
3996037,Главное,Земфира,true,,,,,,false,0,
3904176,Жди меня,Земфира,true,,,,,,false,0,Под гитару
3237729,Жить в твоей голове,Земфира,true,,,,,,false,0,
3237732,Искала,Земфира,false,,,,,,false,0,
3237731,Корабли,Земфира,false,,,,,,false,0,
4128465,ПММЛ,Земфира,true,,,,,,false,0,"Рок, метал,Под гитару"
3666563,Ромашки,Земфира,true,,,,,,false,0,
3237730,Хочешь,Земфира,true,,,,,,false,0,"СОВМЕСТНЫЙ СТРИМ,Под минус"
3237875,Мы разбиваемся,"Земфира ",true,,,,,,false,0,
4173860,Потолок ледяной,Зима,true,,,,,,false,0,"СОВМЕСТНЫЙ СТРИМ,Позитив,Зимние песни (Новогодние)"
4135516,Северное сияние,Иван Дорн,true,,,,,,false,0,
4581740,Тучи,Иванушки International,true,,,,,,false,0,
3322558,Красками разными / Песня Василисы,Иван Царевич и серый волк М/Ф,true,,,,,,false,0,"Позитив,Под минус"
4603346,Комарово,Игорь Скляр,true,,,,,,false,0,
4188294,Непогода,Из кинофильма Мэри Поппинс,true,,,,,,false,0,
5624485,Ветер перемен," Из кинофильма Мэри Поппинс",true,"Авторы: Музыка — Максим Дунаевский, слова — Наум Олев.
Исполнители: Павел Смеян (мужской вокал) и Татьяна Воронина (женский вокал).",,,,,false,0,
4230183,Лев и Брадобрей,Из кинофильма Мэри Поппинс до свидания,true,,,,,,false,0,Позитив
4980599,Never Enough (на русском),из к/ф The Greatest Showman,false,заказал Vladyka Snov,,,,,false,0,РАЗУЧИВАЮ
4230184,Зурбаган,(из к/ф «Выше Радуги»),true,,,,,,false,0,
4183801,Разлука,"из к/ф ""Гардемарины вперёд!"", аранжировка Катя Белоконь (Вельвет)",true,,,,,,false,0,Под минус
4008879,Леди Совершенство,"Из к/ф ""Мэри Поппинс, до свидания""",true,,,,,,false,0,"Позитив,Под минус"
4250945,Песенка мамонтёнка," из мультфильма ""Мама для мамонтёнка""",true,,,,,,false,0,СОВМЕСТНЫЙ СТРИМ
4888956,Песня о мечте,"из м/ф ""Летучий корабль"" (1979)",true,Vladyka Snov,,,,,false,0,
5090181,Пусть бегут неуклюже / Песенка крокодила Гены,из м/ф про Чебурашку,true,,,,,,false,0,
4307048,(1) Люби меня долго,Ирина Дубцова,true,,,,,,false,0,
4248552,Последняя поэма,Ирина Отиева,true,,,,,,false,0,
5655375,Василиск,Камелия,true,,,,,,false,0,
5530493,Волшебный мир,Камелия,true,,,,,,false,0,
4950591,Дикая Охота,Канцлер Ги,true,,,,,,false,0,
4267516,Невидимка,Квашеная,true,,,,,,false,0,
4267518,Туманный взгляд,Квашеная,true,,,,,,false,0,СОВМЕСТНЫЙ СТРИМ
4099874,"Я свободен ",Кипелов,true,,,,,,false,0,СОВМЕСТНЫЙ СТРИМ
3732173,Мальчик,Кис Кис,true,,,,,,false,0,Под гитару
3898182,Мелочь,Кис Кис,true,,,,,,false,0,Под гитару
3686268,Не надо,Кис Кис,true,,,,,,false,0,Под гитару
4581600,Не уходи,"Кис-Кис ",true,,,,,,false,0,
3854538,Краш,Клава Кока,true,,,,,,false,0,Под гитару
5104186,Всё возможно,Колизей,true,Vladyka_Snov,,,,,false,0,
4880863,Вавилон,Комсомольск,true,Неизвестный заказчик,,,,,false,0,
4621669,Камнем по голове,Король и Шут,false,сказала убрать,,,,,false,0,"Рок, метал"
4230179,Утренний рассвет,Король и Шут,true,,,,,,false,0,"СОВМЕСТНЫЙ СТРИМ,Позитив"
4694772,Тайна хозяйки старинных часов,"Король и Шут ",true,,,,,,false,0,
3780023,Ведьма и осёл,Король и шут (КИШ),true,,,,,,false,0,"СОВМЕСТНЫЙ СТРИМ,Рок, метал,Под гитару"
3996039,Кода,Король и шут (КИШ),true,,,,,,false,0,"Рок, метал,Под минус,Под гитару"
3770126,На краю,Король и шут (КИШ),true,,,,,,false,0,"Рок, метал,Под минус"
3821427,"Танец злобного гения ",Король и шут (КИШ),true,,,,,,false,0,"СОВМЕСТНЫЙ СТРИМ,Рок, метал,Под минус,Под гитару"
3832469,Фокусник,Король и шут (КИШ),true,,,,,,false,0,"СОВМЕСТНЫЙ СТРИМ,Рок, метал,Под минус"
3624881,Воспоминания о былой любви,Король и Шут (КИШ),true,,,,,,false,0,"СОВМЕСТНЫЙ СТРИМ,Рок, метал,Под минус"
3612007,Дурак и молния,Король и Шут (КИШ),true,,,,,,false,0,"СОВМЕСТНЫЙ СТРИМ,Рок, метал"
3237751,Кукла колдуна,Король и Шут (КИШ),true,,,,,,false,0,"СОВМЕСТНЫЙ СТРИМ,Рок, метал,Под гитару"
3715002,"Лесник ",Король и Шут (КИШ),true,,,,,,false,0,"СОВМЕСТНЫЙ СТРИМ,Рок, метал,Под минус"
3237750,Прыгну со скалы,Король и Шут (КИШ),true,,,,,,false,0,"СОВМЕСТНЫЙ СТРИМ,Рок, метал"
4152443,"Марионетки ","Король и Шут (КИШ) ",true,,,,,,false,0,"Рок, метал,Под гитару"
4167218,Ром,"Король и Шут (КИШ) ",true,,,,,,false,0,"Зимние песни (Новогодние),Рок, метал"
4133810,Тяни,"Король и Шут (КИШ) ",true,,,,,,false,0,"Рок, метал"
4238019,Тучи в голубом,Кристина Орбакайте,true,,,,,,false,0,
5053803,Не беда,Кукрыниксы,true,,,,,,false,0,
3893013,По щекам слёзы,Кучер,true,,,,,,false,0,
3487436," По щекам твоим слёзы","Кучер, Janaga",false,,,,,,false,0,
4938205,(2)Крылья,Лампабикт,true,,,,,,false,0,
5223470,Старый клён,Лев Лещенко,true,,,,,,false,0,
4869520,(2) Звуками счастья рыдали,Лента,true,,,,,,false,0,Под гитару
3699059,В доме твоем,Лента,true,,,,,,false,0,Под гитару
4404857,Аэропорты,"Леонид Агутин ",true,,,,,,false,0,
5133687,"Хали-гали, паратрупер",Леприконсы,false,,,,,,false,0,
3839923,Я тебе не верю,Лепс,true,,,,,,false,0,СОВМЕСТНЫЙ СТРИМ
3237773,Каждый кто делал тебе больно,Лерочка,true,,,,,,false,0,Укулеле
4121340,Осень,Лицей,true,,,,,,false,0,
4376147,На титанике,Лолита,true,,,,,,false,0,
4464470,Маленький принц,ЛСП,false,,,,,,false,0,
3237770,Конь,Любэ,true,,,,,,false,0,СОВМЕСТНЫЙ СТРИМ
5285848,Ты неси меня река,Любэ,false,,,,,,false,0,
5112814,"За тебя, Родина-мать"," Любэ",true,,,,,,false,0,
4535957,Красно солнышко,Людмила Зыкина,false,,,,,,false,0,
4978284,Небо-самолеты," МакSим",true,заказал Vladyka Snov,,,,,false,0,
4989757,Птицы," МакSим",true,Заказал Kordart,,,,,false,0,
4133814,Ветром стать,Максим,true,,,,,,false,0,Под минус
3764321,Дорога,Максим,true,,,,,,false,0,Под гитару
3732389,Знаешь ли ты...,Максим,true,,,,,,false,0,Под минус
3715008,Научусь летать,Максим,true,,,,,,false,0,
4294562,Одиночка,Максим,true,,,,,,false,0,Позитив
4121466,Спасибо,Максим,true,,,,,,false,0,
4027439,В темноте,Макс Корж,true,,,,,,false,0,
4318610,Ангелы,Макс Фадеев,true,,,,,,false,0,
3799566,Танцы на стёклах,Макс Фадеев,true,,,,,,false,0,Под минус
3413535,В городе остывших морей,Мария Чайковская,true,,,,,,false,0,Под минус
3889037,Красота,Мария Чайковская,true,,,,,,false,0,
3237720,Эта песня для тебя,Марсель,true,,,,,,false,0,Под гитару
3237825,Земля,Маша и медведи,true,,,,,,false,0,"СОВМЕСТНЫЙ СТРИМ,Под минус"
4209062,Любочка,Маша и Медведи,true,,,,,,false,0,
4173866,Песенка про следы,Маша и Медведь М/ф,true,,,,,,false,0,
3904190,(1) Костёр,Машина времени,true,,,,,,false,0,Под гитару
5452124,Пока горит свеча,Машина времени,true,,,,,,false,0,
3770124,(2) Волкодав,Мельница,true,,,,,,false,0,Под гитару
5016065,Ворожи (т2),Мельница,true,,,,,,false,0,
4060313,Двери Тамерлана,Мельница,true,,,,,,false,0,
4164504,Дороги,Мельница,true,,,,,,false,0,"Под минус,Под гитару"
4904667,Королевна,Мельница,true,,,,,,false,0,
3237817,Лента в волосах,Мельница,true,,,,,,false,0,Под гитару
3854526,Прощай,Мельница,true,,,,,,false,0,"Под минус,Под гитару"
4248553,Сонный рыцарь,Мельница,true,,,,,,false,0,
5068875,Шелкопряд,Мельница,true,,,,,,false,0,
3935533,На моей луне,Мёртвые дельфины,true,,,,,,false,0,"Под минус,Под гитару"
4535953,"Песня о далекой родине (""Я прошу, хоть ненадолго…"")","Микаэл Таривердиев (из к/ф ""Семнадцать мгновений весны"")",true,,,,,,false,0,
3770164,"Подоконник ",Мимо вселенной,false,,,,,,false,0,
4547592,Безумный мир,Мираж,false,,,,,,false,0,
4099875,Музыка нас связала,Мираж,false,,,,,,false,0,Под минус
4547593,Я больше не прошу,"Мираж ",false,,,,,,false,0,
4041015,3-е сентября,"Михаил Шуфутинский ",true,,,,,,false,0,
5223438,Песня о Матери планете,М.Магомаев,true,,,,,,false,0,
4581598,Каждый раз,Монеточка,true,,,,,,false,0,
3873139,Папина любовница,Монеточка,false,,,,,,false,0,
3850274,Сопрано,Мот,true,,,,,,false,0,"СОВМЕСТНЫЙ СТРИМ,Под минус"
4938209,Тряпки,Мот,true,,,,,,false,0,
4167957,(1) Зима в сердце,"Моя Мишель ",true,,,,,,false,0,Под гитару
4889152,Spice and Wolf / Tabi no Tochuu (Nika Lenina & Ancord Russian Version),музыка из аниме,true,"@demidrol007_ ",,,,,false,0,
4099877,Колыбельная медведицы,"Мультфильм ""Умка""",true,,,,,,false,0,
4084961,Дельфины,Мумий Тролль,true,,,,,,false,0,"Рок, метал,Под минус"
3904262,"Медведица ",Мумий Тролль,true,,,,,,false,0,"СОВМЕСТНЫЙ СТРИМ,Рок, метал,Под минус"
4581590,Синяя вечность,Муслим Магомаев,false,,,,,,false,0,"! БАН,СОВМЕСТНЫЙ СТРИМ"
4008875,Луч солнца золотого,Муслим Магомаев / Бременские музыканты,false,,,,,,false,0,"! БАН,СОВМЕСТНЫЙ СТРИМ,Позитив"
4188308,Говорят мы Бяки Буки,м/ф Бременские музыканты,true,,,,,,false,0,Позитив
4175513,За окном опять сугробы,"м/ф ""Холодное сердце""",true,,,,,,false,0,Зимние песни (Новогодние)
4694780,"Возможно ",МЫ,true,,,,,,false,0,
4581599,Тамагочи,Мэйби Бэйби & Алена Швец,true,,,,,,false,0,
4044419,Короли ночной Вероны,"Мюзикл ""Ромео и Джульетта""",false,,,,,,false,0,
5153201,Беги,НАZИМА,true,,,,,,false,0,
4351566,Нас бьют мы летаем,Наргиз,true,,,,,,false,0,
4438626,"Genshin La vaguelette  ",НА РУССКОМ(перевод Нильзори),true,,,,,,false,0,
4925076,Ветер с моря дул,Натали,true,,,,,,false,0,
3408097,Новогодние игрушки,Натали и Аркадий Хоралов,true,,,,,,false,0,"Под минус,Зимние песни (Новогодние)"
4008878,Маленькая страна,Наталья Королёва,true,,,,,,false,0,Под минус
4188305,Синие лебеди,Наташа Королёва,true,,,,,,false,0,
4351536,Одинокая птица,Наутилус Помпилиус,true,,,,,,false,0,СОВМЕСТНЫЙ СТРИМ
4738931,"Кино идет, воюет взвод",Непоседы,false,,,,,,false,0,
3732174,Батареи,Нервы,true,,,,,,false,0,"СОВМЕСТНЫЙ СТРИМ,Рок, метал"
4173901,Вороны,Нервы,true,,,,,,false,0,"СОВМЕСТНЫЙ СТРИМ,Рок, метал"
4173902,Её имя,Нервы,true,,,,,,false,0,
5447787,Игры больших,Нервы,true,,,,,,false,0,"Рок, метал"
3732175,Когда никого нет,Нервы,true,,,,,,false,0,Под гитару
3498088,Кофе мой друг,Нервы,true,,,,,,false,0,"СОВМЕСТНЫЙ СТРИМ,Под гитару"
3982704,Курим,Нервы,true,,,,,,false,0,Под гитару
3770163,На луну,Нервы,false,,,,,,false,0,
4173897,Нервы,Нервы,true,,,,,,false,0,"Рок, метал"
3498085,Самый дорогой человек,Нервы,true,,,,,,false,0,"СОВМЕСТНЫЙ СТРИМ,Под минус,Укулеле,Под гитару"
3498080,Слишком влюблен,Нервы,true,,,,,,false,0,"СОВМЕСТНЫЙ СТРИМ,Под гитару"
3498121,Счастье,Нервы,true,,,,,,false,0,Под гитару
4297837,Звенит январская вьюга,"Нина Бродская ",true,,,,,,false,0,"Зимние песни (Новогодние),СОВМЕСТНЫЙ СТРИМ"
4164542,"Замелa мeтелица гoрoд мoй ",Новогодние детские песни,true,,,,,,false,0,"Под минус,Зимние песни (Новогодние)"
4097989,Наши юные смешные голоса,Ногу Свело,true,,,,,,false,0,"СОВМЕСТНЫЙ СТРИМ,Под гитару"
4294133,Больно,Нюша,true,,,,,,false,0,
3917040,Вою на луну,Нюша,true,,,,,,false,0,
3917039,Только не беги,Нюша,true,,,,,,false,0,
4133960,Это Новый Год,Нюша,true,,,,,,false,0,Зимние песни (Новогодние)
3699106,У мене немає дому(укр),Один в каное,true,,,,,,false,0,
4516483," Човен",Один в Каное,true,,,,,,false,0,
4345853,Мало половин,Ольга Бузова,false,Была спета экспромтом,,,,,false,0,
5108996,Солёный ветер,Павел Пламенев,true,,,,,,false,0,
5525463,Девушка крадущая сны,Павел Пламенев / Plamenev,true,,,,,,false,0,"Рок, метал"
4175512,В лесу родилась ёлочка,песенка,true,,,,,,false,0,Зимние песни (Новогодние)
4248568,Алые паруса,Песни у костра,true,,,,,,false,0,
4297833,Как жить без весны," (песня из кинофильма ""Гардемарины, вперед!"")",true,,,,,,false,0,СОВМЕСТНЫЙ СТРИМ
4133801,Ледяная девочка,песня Снегурочки,true,,,,,,false,0,Зимние песни (Новогодние)
4128463,Игла,Пикник,false,,,,,,false,0,
3803215,Ласточка,Пингина Анна,true,,,,,,false,0,Под гитару
4216872,Снег кружится,Пламя,true,,,,,,false,0,
3237766,(8) Колыбельная,Полина Гагарина,true,,,,,,false,0,Под гитару
4581604,Драмы больше нет,Полина Гагарина,false,,,,,,false,0,
4351588,Кукушка,Полина Гагарина,true,,,,,,false,0,СОВМЕСТНЫЙ СТРИМ
4581603,Спектакль окончен,Полина Гагарина,true,,,,,,false,0,
4230180,Шагай,Полина Гагарина,true,,,,,,false,0,СОВМЕСТНЫЙ СТРИМ
4621649,Остров В Океане,ПроРок Санбой,false,,,,,,false,2,"Рок, метал,Под минус,Только платный,Позитив"
4888408,(3)Выбраться,Просто Лера,false,,,,,,false,0,
3237734,Прости прощай привет,Пфильмы,true,,,,,,false,0,"СОВМЕСТНЫЙ СТРИМ,Рок, метал,Под минус"
3237733,Я так соскучился,Пфильмы,true,,,,,,false,0,"СОВМЕСТНЫЙ СТРИМ,Рок, метал,Под минус"
4294130,"Знаешь, моя душа рваная",Рожден Ануси,false,,,,,,false,0,
4097991," А на последок я скажу","Романс из к/ф ""Жестокий романс""",true,,,,,,false,0,
3840076,Биба и боба,Сахар со стеклом,true,,,,,,false,0,Позитив
3263828,Я и твой кот,Свидание,true,,,,,,false,0,
4464462,Там нет меня,Севара,true,,,,,,false,0,
4624244,Лирика,Сектор Газа,true,,,,,,false,0,СОВМЕСТНЫЙ СТРИМ
4164502,Заметался пожар голубой,Сергей Есенин,false,,,,,,false,0,
4694769,Снег в океане,Сергей Лазарев,true,,,,,,false,0,Под минус
3504290,Каждый твой,Сметана Band,true,,,,,,false,0,
4183799,"Моё сердце ",Сплин,true,,,,,,false,0,СОВМЕСТНЫЙ СТРИМ
4207633,Романс,"Сплин ",true,,,,,,false,0,СОВМЕСТНЫЙ СТРИМ
4323973,Выхода нет,СПЛИН,true,,,,,,false,0,СОВМЕСТНЫЙ СТРИМ
4209068,Новый год,Стекловата,true,,,,,,false,0,Зимние песни (Новогодние)
3413562,Гипнозы,Сюзанна ft Мальбэк,true,,,,,,false,0,
3237824,Половинка,Танцы минус,true,,,,,,false,0,СОВМЕСТНЫЙ СТРИМ
4135507,Ясный мой свет,Татьяна Буланова,true,,,,,,false,0,Позитив
4404862,Матушка-земля,Татьяна Куртукова,true,,,,,,false,0,
4133792,Мир ребенка,Татьяна Музыкантова,true,,,,,,false,0,
4320706,Осенняя мелодия,Татьяна Рузавина и Сергей Таюшев,true,,,,,,false,0,
4060311,Баллада о трех сыновьях,Татьяна Шилова,false,,,,,,false,0,! БАН
4294152,Лучше не будет (Незабываемый полёт),"Тимур Родригез ",false,,,,,,false,0,
4831135,Температура,"Три дня дождя, polnalyubvi ",false,,,,,,false,0,
4314332,Московская песня,Трофим,true,,,,,,false,0,
4345754,Я скучаю по тебе,Трофим,true,,,,,,false,0,
5537665,Родина,Трофимов,true,,,,,,false,0,
4694790,"Проститься ",Уматурман,false,,,,,,false,0,
4041000,Не родись красивой,Фабрика,true,,,,,,false,0,
3889043,Белая ночь,Форум,true,,,,,,false,0,
3839829,Аскорбинка,Френдзона / Мэйби Бэйби,true,,,,,,false,0,
3237814,Отпусти и забудь,Холодное сердце,true,,,,,,false,0,"СОВМЕСТНЫЙ СТРИМ,Зимние песни (Новогодние)"
3408098,"Три белых коня ",Чародеи К/ф,true,,,,,,false,0,"Под минус,Зимние песни (Новогодние)"
3237816,Песня о снежинке," Чародеи К/ф ",true,,,,,,false,0,"Под минус,Зимние песни (Новогодние)"
4294129,О любви,Чиж,true,,,,,,false,0,
3796470,Я могу тебя очень ждать,Эдуард Асадов,false,,,,,,false,0,
4938207,Ближе,Элли на маковом поле,true,,,,,,false,0,
4966111,Не упоминай Бруно,Энканто,true,,,,,,false,0,
4237953,Всадник из льда,Эпидемия,true,,,,,,false,0,"СОВМЕСТНЫЙ СТРИМ,Рок, метал"
3913503,Океан пустоты,Эпидемия,true,,,,,,false,0,"СОВМЕСТНЫЙ СТРИМ,Рок, метал"
3938891,Паладин,Эпидемия,false,,,,,,false,0,
4152428,"Письмо Ведьмаку ",Эпидемия,true,,,,,,false,0,"Рок, метал"
4073608,Придумай светлый мир,Эпидемия,true,,,,,,false,0,"Рок, метал"
4706161,Я иду за тобой,Эпидемия,true,,,,,,false,0,
4832391,Черный маг,"Эпидемия ",true,,,,,,false,0,
4464494,Ты не такой,Юлианна Караулова,true,,,,,,false,0,Позитив
3470040,Птица,Юлия Михальчик,true,,,,,,false,0,
5459591,Как твои дела?,Юлия Савичева,true,,,,,,false,0,
4329897,Белые розы,Юрий Шатунов,true,,,,,,false,0,СОВМЕСТНЫЙ СТРИМ
4329892,Седая ночь,Юрий Шатунов,true,,,,,,false,0,СОВМЕСТНЫЙ СТРИМ
3686296,Русалочки,Ягода,true,,,,,,false,0,Под гитару
5564181,Ангел-хранитель,Я про рок,true,,,,,,false,0,
5736191,Нити судьбы,Я про рок,true,,,,,,false,0,